{
  "project_info": {
    "project_number": "367276882301",
    "project_id": "randevu-36863",
    "storage_bucket": "randevu-36863.appspot.com"
  },
  "client": [
    {
      "client_info": {
        "mobilesdk_app_id": "1:367276882301:android:acb3ef60b1013f1fd4b414",
        "android_client_info": {
          "package_name": "com.example.kuaforrandevu"
        }
      },
      "oauth_client": [],
      "api_key": [
        {
          "current_key": "AIzaSyAuMAuvEHT-SopeANkBXCR0PDqFSh8QGIM"
        }
      ],
      "services": {
        "appinvite_service": {
          "other_platform_oauth_client": []
        }
      }
    }
  ],
  "configuration_version": "1"
}