{"flutter":{"platforms":{"android":{"default":{"projectId":"modern-impulse-408012","appId":"1:471802482364:android:ba0aee934657afb2890ab9","fileOutput":"android/app/google-services.json"}},"dart":{"lib/firebase_options.dart":{"projectId":"modern-impulse-408012","configurations":{"android":"1:471802482364:android:ba0aee934657afb2890ab9","ios":"1:471802482364:ios:fa850ceabccabb6d890ab9","macos":"1:471802482364:ios:fa850ceabccabb6d890ab9","web":"1:471802482364:web:1f10d6d809a66d9f890ab9","windows":"1:471802482364:web:4ec2281dcf7362f7890ab9"}}}}}}